﻿{
  "update_id": 412688064,
  "message": {
    "message_id": 5714,
    "from": {
      "id": 546449003,
      "is_bot": false,
      "first_name": "Telegram",
      "last_name": "Solution",
      "username": "Tlgrmsolution",
      "language_code": "ru"
    },
    "date": 1520846000,
    "chat": {
      "id": 546449003,
      "type": "private",
      "title": null,
      "username": "Tlgrmsolution",
      "first_name": "Telegram",
      "last_name": "Solution",
      "all_members_are_administrators": false,
      "photo": null,
      "description": null,
      "invite_link": null,
      "pinned_message": null,
      "sticker_set_name": null,
      "can_set_sticker_set": null
    },
    "forward_from": null,
    "forward_from_chat": null,
    "forward_from_message_id": 0,
    "forward_signature": null,
    "forward_date": null,
    "reply_to_message": null,
    "edit_date": null,
    "author_signature": null,
    "text": "/start",
    "entities": [
      {
        "type": "bot_command",
        "offset": 0,
        "length": 6,
        "url": null,
        "user": null
      }
    ],
    "caption_entities": [],
    "audio": null,
    "document": null,
    "game": null,
    "photo": null,
    "sticker": null,
    "video": null,
    "voice": null,
    "video_note": null,
    "caption": null,
    "contact": null,
    "location": null,
    "venue": null,
    "new_chat_member": null,
    "new_chat_members": null,
    "left_chat_member": null,
    "new_chat_title": null,
    "new_chat_photo": null,
    "delete_chat_photo": false,
    "group_chat_created": false,
    "supergroup_chat_created": false,
    "channel_chat_created": false,
    "migrate_to_chat_id": 0,
    "migrate_from_chat_id": 0,
    "pinned_message": null,
    "invoice": null,
    "successful_payment": null
  },
  "edited_message": null,
  "inline_query": null,
  "chosen_inline_result": null,
  "callback_query": null,
  "channel_post": null,
  "edited_channel_post": null,
  "shipping_query": null,
  "pre_checkout_query": null
}